id,news_date,source,headline,url,collected_at
1,2026-07-02,OilPrice,KKR Makes Largest Ever Clean Energy Investment With $4.2B EDF Purchase,https://oilprice.com/Latest-Energy-News/World-News/KKR-Makes-Largest-Ever-Clean-Energy-Investment-With-42B-EDF-Purchase.html,2026-07-02T02:03:53
2,2026-07-02,OilPrice,Egypt Targets 60% Renewable Electricity by 2040,https://oilprice.com/Energy/Energy-General/Egypt-Targets-60-Renewable-Electricity-by-2040.html,2026-07-02T02:03:53
3,2026-07-02,OilPrice,Russia’s Fuel Crisis Is Pushing the Kremlin Toward Kazakhstan,https://oilprice.com/Energy/Energy-General/Russias-Fuel-Crisis-Is-Pushing-the-Kremlin-Toward-Kazakhstan.html,2026-07-02T02:03:53
4,2026-07-02,OilPrice,The AI Power Boom Is Reopening the Public Utility Debate,https://oilprice.com/Energy/Energy-General/The-AI-Power-Boom-Is-Reopening-the-Public-Utility-Debate.html,2026-07-02T02:03:53
6,2026-07-02,OilPrice,Ukraine’s Drone Campaign Forces Russia to Buy Gasoline From India,https://oilprice.com/Latest-Energy-News/World-News/Ukraines-Drone-Campaign-Forces-Russia-to-Buy-Gasoline-From-India.html,2026-07-02T02:03:53
7,2026-07-02,OilPrice,Saudi Aramco Slashes July LPG Prices as Global Supply Swells,https://oilprice.com/Latest-Energy-News/World-News/Saudi-Aramco-Slashes-July-LPG-Prices-as-Global-Supply-Swells.html,2026-07-02T02:03:53
8,2026-07-02,OilPrice,Renewables Hit Record 58% Share of Germany's Power Consumption,https://oilprice.com/Latest-Energy-News/World-News/Renewables-Hit-Record-58-Share-of-Germanys-Power-Consumption.html,2026-07-02T02:03:53
9,2026-07-02,OilPrice,Japan's Biggest LNG Buyer Creates Standalone Trading Arm,https://oilprice.com/Latest-Energy-News/World-News/Japans-Biggest-LNG-Buyer-Creates-Standalone-Trading-Arm.html,2026-07-02T02:03:53
10,2026-07-02,OilPrice,EU Industry Splits Over Emissions Trading Scheme Overhaul,https://oilprice.com/Latest-Energy-News/World-News/EU-Industry-Splits-Over-Emissions-Trading-Scheme-Overhaul.html,2026-07-02T02:03:53
